Date/Time,Max Temp (°C),Min Temp (°C),Mean Temp (°C),Total Rain (mm),Total Rain Flag,Total Snow (cm),Total Snow Flag,Snow on Grnd (cm)
2015-01-01,4.5,0.5,2.5,0.0,0,0.0,1,117.0
2015-01-02,-3.0,-6.0,-4.5,0.0,0,0.0,1,116.0
2015-01-03,-6.0,-9.0,-7.5,0.0,0,5.0,0,115.0
2015-01-04,0.0,-8.0,-4.0,0.0,0,33.0,0,132.0
2015-01-05,3.0,-5.0,-1.0,23.0,0,6.0,0,149.0
2015-01-06,6.0,-2.5,1.8,0.0,0,0.0,0,131.0
2015-01-07,6.5,3.0,4.8,0.0,0,0.0,0,123.0
2015-01-08,5.0,0.0,2.5,0.0,0,0.0,0,123.0
2015-01-09,4.0,-2.0,1.0,0.0,0,3.0,0,122.0
2015-01-10,1.5,-2.5,-0.5,0.0,0,2.0,0,124.0
2015-01-11,-1.5,-5.0,-3.3,0.0,0,0.0,0,124.0
2015-01-12,-1.0,-6.0,-3.5,0.0,0,0.0,0,124.0
2015-01-13,4.5,-5.0,-0.3,0.0,0,0.0,0,124.0
2015-01-14,7.0,-1.0,3.0,0.0,0,0.0,0,123.0
2015-01-15,-2.0,-3.0,-2.5,0.0,0,14.0,0,123.0
2015-01-16,-2.0,-4.0,-3.0,0.0,0,0.0,1,137.0
2015-01-17,0.0,-6.5,-3.3,0.0,0,11.0,0,134.0
2015-01-18,-1.5,-4.0,-2.8,0.0,0,9.0,0,154.0
2015-01-19,-5.0,-6.0,-5.5,0.0,0,0.0,0,159.0
2015-01-20,-2.6666666666666665,-5.0,-3.833333333333333,0.0,0,0.0,0,157.66666666666666
2015-01-21,-0.33333333333333304,-4.0,-2.166666666666666,0.0,0,0.0,0,156.33333333333331
2015-01-22,2.0,-3.0,-0.5,4.0,0,0.0,1,155.0
2015-01-23,3.0,0.0,1.5,35.0,0,0.0,0,149.0
2015-01-24,4.5,0.0,2.3,10.0,0,0.0,0,140.0
2015-01-25,7.5,2.0,4.8,0.0,0,0.0,0,132.0
2015-01-26,7.5,5.0,6.3,0.0,0,0.0,0,124.0
2015-01-27,3.0,0.0,1.5,0.0,0,0.0,0,122.0
2015-01-28,0.5,-7.5,-3.5,0.0,0,0.0,0,122.0
2015-01-29,2.5,-4.0,-0.8,0.0,0,0.0,0,122.0
2015-01-30,2.5,-2.5,0.0,0.0,0,0.0,0,121.0
2015-01-31,1.0,-4.0,-1.5,0.0,0,10.0,0,126.0
2015-02-01,-1.5,-3.5,-2.5,0.0,0,5.0,0,131.0
2015-02-02,-2.5,-5.5,-4.0,0.0,0,6.0,0,132.0
2015-02-03,-0.5,-3.5,-2.0,0.0,0,0.0,0,137.0
2015-02-04,2.5,-6.0,-1.8,0.0,0,0.0,1,136.0
2015-02-05,2.0,-2.5,-0.3,60.0,0,13.0,0,121.0
2015-02-06,1.5,-0.5,0.5,51.0,0,9.0,0,148.0
2015-02-07,-0.5,-2.0,-1.3,0.0,0,9.0,0,152.0
2015-02-08,1.0,-2.0,-0.5,0.0,0,5.0,0,158.0
2015-02-09,1.0,-2.0,-0.5,2.0,0,2.0,0,159.0
2015-02-10,0.5,-1.5,-0.5,0.0,0,0.0,0,156.0
2015-02-11,3.0,-1.5,0.8,0.0,1,0.0,0,152.0
2015-02-12,5.0,-1.0,2.0,7.0,0,4.0,0,150.0
2015-02-13,5.0,0.0,2.5,28.0,0,0.0,0,150.0
2015-02-14,2.5,-3.0,-0.3,0.0,0,0.0,0,145.0
2015-02-15,2.0,-5.0,-1.5,0.0,0,0.0,0,144.0
2015-02-16,-0.5,-5.5,-3.0,0.0,0,0.0,0,144.0
2015-02-17,5.0,-3.5,0.8,0.0,0,0.0,0,144.0
2015-02-18,2.5,-0.5,1.0,0.0,0,0.0,1,144.0
2015-02-19,-1.0,-2.5,-1.8,0.0,0,1.1,0,144.0
2015-02-20,0.5,-5.0,-2.3,0.0,0,0.0,0,143.0
2015-02-21,-1.0,-7.0,-4.0,0.0,0,0.0,0,143.0
2015-02-22,5.0,-6.5,-0.8,0.0,0,0.0,0,143.0
2015-02-23,8.0,0.0,4.0,0.0,0,0.0,0,143.0
2015-02-24,2.5,-2.0,0.3,0.0,0,0.0,0,143.0
2015-02-25,-3.0,-6.0,-4.5,0.0,0,5.0,0,143.0
2015-02-26,-1.5,-5.0,-3.3,0.0,0,0.0,1,147.0
2015-02-27,-3.5,-6.0,-4.8,0.0,0,0.0,0,144.0
2015-02-28,-0.5,-10.0,-5.3,0.0,0,0.0,0,144.0
2015-03-01,-2.0,-5.0,-3.5,0.0,0,2.0,0,144.0
2015-03-02,-5.0,-9.0,-7.0,0.0,0,0.0,0,146.0
2015-03-03,-2.0,-12.5,-7.3,0.0,0,0.0,0,145.0
2015-03-04,1.0,-7.0,-3.0,0.0,0,0.0,0,144.5
2015-03-05,2.0,-4.5,-1.3,0.0,0,0.0,0,144.0
2015-03-06,5.0,-2.5,1.3,0.0,0,0.0,0,144.0
2015-03-07,6.5,-0.5,3.0,0.0,0,0.0,0,144.0
2015-03-08,6.5,0.5,3.5,0.0,0,0.0,0,144.0
2015-03-09,3.5,0.5,2.0,0.0,0,0.0,0,143.0
2015-03-10,6.5,-1.0,2.8,0.0,0,0.0,1,142.0
2015-03-11,0.5,-3.0,-1.3,1.0,0,3.0,0,142.0
2015-03-12,1.5,-1.5,0.0,0.0,0,0.0,1,144.0
2015-03-13,4.0,-1.0,1.5,0.0,0,0.0,1,143.0
2015-03-14,0.5,-2.0,-0.8,0.0,0,8.0,0,142.0
2015-03-15,-3.0,-5.0,-4.0,0.0,0,0.0,0,150.0
2015-03-16,-0.5,-8.0,-4.3,0.0,0,0.0,0,148.0
2015-03-17,1.5,-4.5,-1.5,0.0,0,0.0,0,148.0
2015-03-18,1.0,-4.0,-1.5,0.0,0,4.0,0,148.0
2015-03-19,1.5,-3.0,-0.8,0.0,0,21.0,0,152.0
2015-03-20,0.5,-1.5,-0.5,5.0,0,18.0,0,166.0
2015-03-21,-1.0,-2.5,-1.8,0.0,0,2.0,0,181.0
2015-03-22,-1.5,-6.5,-4.0,0.0,0,6.0,0,180.0
2015-03-23,-0.5,-6.5,-3.5,0.0,0,4.0,0,185.0
2015-03-24,-1.0,-6.5,-3.8,0.0,0,5.0,0,187.0
2015-03-25,2.0,-4.5,-1.3,10.0,0,0.0,0,188.0
2015-03-26,5.0,0.5,2.8,1.0,0,0.0,0,188.0
2015-03-27,5.0,2.0,3.5,5.0,0,3.0,0,171.0
2015-03-28,-1.0,-2.5,-1.8,0.0,0,9.0,0,171.0
2015-03-29,1.0,-3.0,-1.0,7.0,0,44.0,0,177.0
2015-03-30,1.0,-2.0,-0.5,7.9,0,7.0,0,190.0
2015-03-31,-3.5,-6.5,-5.0,0.0,0,2.0,0,184.0
2015-04-01,-2.0,-7.5,-4.8,0.0,0,0.0,1,181.0
2015-04-02,-2.5,-7.0,-4.8,0.0,0,2.1,0,179.0
2015-04-03,4.0,-6.0,-1.0,0.0,0,6.0,0,179.0
2015-04-04,-3.5,-7.5,-5.5,0.0,0,2.0,0,187.0
2015-04-05,0.0,-8.5,-4.3,0.0,0,0.0,0,184.0
2015-04-06,2.0,-6.0,-2.0,0.0,0,0.0,0,182.5
2015-04-07,3.0,-6.0,-1.5,0.0,0,0.0,0,181.0
2015-04-08,4.0,-4.0,0.0,0.0,0,0.0,0,181.0
2015-04-09,4.5,-3.5,0.5,0.0,0,0.0,1,180.0
2015-04-10,-0.5,-3.0,-1.8,0.0,0,18.0,0,190.0
2015-04-11,-4.5,-8.5,-6.5,0.0,0,5.0,0,200.0
2015-04-12,-4.5,-9.5,-7.0,0.0,0,3.0,0,198.0
2015-04-13,-3.5,-6.0,-4.8,0.0,0,13.0,0,200.0
2015-04-14,-3.5,-8.5,-6.0,0.0,0,0.0,0,206.0
2015-04-15,-1.0,-7.5,-4.3,0.0,0,0.0,0,205.0
2015-04-16,4.5,-4.5,0.0,0.0,0,0.0,0,199.0
2015-04-17,4.5,0.4,2.5,0.0,0,0.0,0,192.0
2015-11-19,-7.0,-10.0,-8.5,0.0,0,0.0,0,77.0
2015-11-20,-1.0,-10.5,-5.8,0.0,0,0.0,0,76.0
2015-11-21,3.5,-11.0,-3.8,0.0,0,0.0,0,76.0
2015-11-22,5.0,-1.5,1.8,0.0,0,2.0,0,76.0
2015-11-23,-0.5,-5.0,-2.8,0.0,0,11.0,0,76.0
2015-11-24,-8.0,-13.5,-10.8,0.0,0,8.0,0,82.0
2015-11-25,-2.0,-13.0,-7.5,0.0,0,0.0,0,82.0
2015-11-26,1.5,-4.0,-1.3,0.0,0,0.0,0,80.0
2015-11-27,5.0,-1.5,1.8,0.0,0,0.0,0,80.0
2015-11-28,9.0,1.5,5.3,0.0,0,0.0,0,79.0
2015-11-29,6.0,1.0,3.5,0.0,0,0.0,0,79.0
2015-11-30,1.2,-0.5,0.4,0.0,0,3.0,0,78.0
2015-12-01,-1.5,-5.0,-3.3,0.0,0,10.0,0,80.0
2015-12-02,1.5,-4.0,-1.3,31.0,0,2.0,0,86.0
2015-12-03,0.0,-1.5,-0.8,35.0,0,10.0,0,82.0
2015-12-04,-0.3333333333333333,-2.3333333333333335,-1.3666666666666667,0.0,0,26.4,0,96.66666666666667
2015-12-05,-0.6666666666666666,-3.166666666666667,-1.9333333333333333,0.0,0,26.4,0,111.33333333333334
2015-12-06,-1.0,-4.0,-2.5,0.0,0,27.0,0,126.0
2015-12-07,-0.5,-3.0,-1.8,0.0,0,16.0,0,138.0
2015-12-08,3.0,-2.5,0.3,21.0,0,14.0,0,147.0
2015-12-09,-3.0,-4.0,-3.5,0.0,0,5.0,0,144.0
2015-12-10,-3.0,-6.0,-4.5,0.0,0,38.0,0,138.0
2015-12-11,-3.5,-5.0,-4.3,0.0,0,1.0,0,165.0
2015-12-12,-4.0,-7.0,-5.5,0.0,0,42.0,0,155.0
2015-12-13,-3.5,-5.0,-4.3,0.0,0,8.0,0,185.0
2015-12-14,-3.5,-9.0,-6.3,0.0,0,0.0,1,177.0
2015-12-15,-4.0,-5.0,-4.5,0.0,0,3.0,0,169.0
2015-12-16,-3.0,-12.0,-7.5,0.0,0,0.0,0,166.0
2015-12-17,-3.0,-10.0,-6.5,0.0,0,21.0,0,161.0
2015-12-18,-4.0,-6.5,-5.3,0.0,0,14.0,0,175.0
2015-12-19,-5.5,-8.0,-6.8,0.0,0,34.0,0,177.0
2015-12-20,-5.5,-7.0,-6.3,0.0,0,5.0,0,205.0
2015-12-21,-7.0,-10.0,-8.5,0.0,0,0.0,1,195.0
2015-12-22,-8.0,-11.5,-9.8,0.0,0,3.0,0,188.0
2015-12-23,-4.5,-9.5,-7.0,0.0,0,15.0,0,183.0
2015-12-24,-7.5,-11.0,-9.3,0.0,0,2.0,0,191.0
2015-12-25,-9.0,-13.5,-11.3,0.0,0,1.0,0,187.0
2015-12-26,-7.0,-14.0,-10.5,0.0,0,9.0,0,181.0
2015-12-27,-6.0,-9.0,-7.5,0.0,0,7.0,0,183.0
2015-12-28,-6.0,-10.0,-8.0,0.0,0,0.0,0,182.0
2015-12-29,-9.0,-13.0,-11.0,0.0,0,0.0,0,180.0
2015-12-30,-1.5,-10.0,-5.8,0.0,0,0.0,0,178.0
2015-12-31,4.9,-8.5,-1.8,0.0,0,0.0,0,174.5
2016-01-01,5.0,-2.0,1.5,0.0,0,0.0,0,171.0
2016-01-02,4.5,0.0,2.3,0.0,0,0.0,0,169.0
2016-01-03,-4.0,-7.0,-5.5,0.0,0,0.0,1,166.0
2016-01-04,-4.0,-11.0,-7.5,0.0,0,3.0,0,166.0
2016-01-05,-1.5,-9.5,-5.5,0.0,0,10.0,0,166.0
2016-01-06,0.0,-3.0,-1.5,0.0,0,0.0,1,172.0
2016-01-07,-2.0,-6.0,-4.0,0.0,0,0.0,0,169.0
2016-01-08,-3.0,-6.0,-4.5,0.0,0,0.0,0,166.0
2016-01-09,-2.5,-7.0,-4.8,0.0,0,0.0,0,165.0
2016-01-10,-1.8333333333333335,-5.833333333333333,-3.8666666666666667,0.0,0,2.4,0,166.33333333333334
2016-01-11,-1.166666666666667,-4.666666666666666,-2.9333333333333336,0.0,0,2.4,0,167.66666666666669
2016-01-12,-0.5,-3.5,-2.0,0.0,0,18.0,0,169.0
2016-01-13,-1.5,-4.5,-3.0,0.0,0,1.0,0,183.0
2016-01-14,-4.0,-7.0,-5.5,0.0,0,0.0,1,181.0
2016-01-15,-2.5,-8.5,-5.5,0.0,0,3.0,0,178.0
2016-01-16,0.0,-6.5,-3.3,0.0,0,13.0,0,180.0
2016-01-17,-2.0,-4.0,-3.0,0.0,0,20.0,0,193.0
2016-01-18,-3.0,-5.0,-4.0,0.0,0,18.0,0,203.0
2016-01-19,-4.0,-5.5,-4.8,0.0,0,2.0,0,216.0
2016-01-20,-1.0,-6.5,-3.8,0.0,0,11.0,0,209.0
2016-01-21,0.5,-4.5,-2.0,33.0,0,13.0,0,208.0
2016-01-22,0.0,-2.0,-1.0,0.0,0,8.0,0,205.0
2016-01-23,-0.5,-5.0,-2.8,0.0,0,0.0,0,204.0
2016-01-24,-4.0,-8.0,-6.0,0.0,0,0.0,0,202.0
2016-01-25,0.5,-8.5,-4.0,0.0,0,2.0,0,202.0
2016-01-26,1.5,-4.0,-1.3,3.5,0,3.0,0,200.0
2016-01-27,2.0,-1.5,0.3,78.0,0,7.0,0,199.0
2016-01-28,0.5,-3.5,-1.5,8.0,0,2.0,0,201.0
2016-01-29,-4.5,-6.0,-5.3,0.0,0,15.0,0,198.0
2016-01-30,-6.0,-8.5,-7.3,0.0,0,9.0,0,207.0
2016-01-31,-5.5,-9.0,-7.3,0.0,0,7.0,0,209.0
2016-02-01,-6.0,-10.5,-8.3,0.0,0,0.0,1,208.0
2016-02-02,-5.0,-12.5,-8.8,0.0,0,1.0,0,205.0
2016-02-03,-4.0,-9.833333333333334,-6.966666666666667,0.0,0,1.8,0,206.0
2016-02-04,-3.0,-7.166666666666668,-5.133333333333333,0.0,0,1.8,0,207.0
2016-02-05,-2.0,-4.5,-3.3,0.0,0,60.0,0,208.0
2016-02-06,-3.0,-7.0,-5.0,0.0,0,2.0,0,252.0
2016-02-07,5.5,-9.0,-1.8,0.0,0,1.0,0,245.0
2016-02-08,12.5,-1.0,5.8,0.0,0,0.0,0,238.0
2016-02-09,11.0,7.5,9.3,0.0,0,0.0,1,234.0
2016-02-10,2.0,-0.5,0.8,9.0,0,1.0,0,231.0
2016-02-11,2.5,-3.5,-0.5,11.0,0,8.1,0,205.0
2016-02-12,1.0,-2.0,-0.5,0.0,0,13.0,0,232.0
2016-02-13,-3.0,-4.5,-3.8,0.0,0,11.0,0,242.0
2016-02-14,3.0,-5.0,-1.0,0.0,0,18.0,0,246.0
2016-02-15,0.0,-3.5,-1.8,0.0,0,19.0,0,268.0
2016-02-16,-1.0,-5.5,-3.3,0.0,0,6.0,0,264.5
2016-02-17,1.0,-5.0,-2.0,0.0,0,14.0,0,261.0
2016-02-18,-2.5,-6.0,-4.3,0.0,0,5.0,0,265.0
2016-02-19,-3.0,-5.0,-4.0,0.0,0,9.0,0,263.0
2016-02-20,-4.0,-7.0,-5.5,0.0,0,3.0,0,265.0
2016-02-21,-3.0,-9.0,-6.0,0.0,0,2.0,0,260.0
2016-02-22,-2.5,-8.5,-5.5,0.0,0,0.0,0,259.0
2016-02-23,-1.0,-9.0,-5.0,0.0,0,0.0,0,257.0
2016-02-24,2.5,-4.5,-1.0,0.0,0,0.0,0,250.0
2016-02-25,4.0,-3.0,0.5,0.0,0,0.0,0,249.0
2016-02-26,3.0,0.5,1.8,0.0,0,1.0,0,249.0
2016-02-27,0.5,-5.0,-2.3,0.0,0,1.0,0,249.0
2016-02-28,-2.0,-4.5,-3.3,0.0,0,29.0,0,249.0
2016-02-29,-3.0,-6.5,-4.8,0.0,0,4.0,0,267.0
2016-03-01,-1.0,-6.5,-3.8,0.0,0,31.0,0,265.0
2016-03-02,-0.5,-4.5,-2.5,0.0,0,9.0,0,287.0
2016-03-03,-2.0,-4.0,-3.0,0.0,0,11.0,0,284.0
2016-03-04,-1.0,-3.5,-2.3,0.0,0,50.0,0,287.0
2016-03-05,0.5,-3.0,-1.3,0.0,0,11.0,0,322.0
2016-03-06,-2.5,-4.5,-3.5,0.0,0,20.0,0,320.0
2016-03-07,-2.0,-5.0,-3.5,0.0,0,11.0,0,325.0
2016-03-08,-5.0,-7.0,-6.0,0.0,0,1.0,0,325.0
2016-03-09,-2.0,-7.0,-4.5,0.0,0,35.0,0,317.0
2016-03-10,-2.5,-5.0,-3.8,0.0,0,20.0,0,342.0
2016-03-11,-2.0,-5.0,-3.5,0.0,0,24.0,0,347.0
2016-03-12,-4.0,-5.5,-4.8,0.0,0,28.0,0,364.0
2016-03-13,-5.0,-7.0,-6.0,0.0,0,15.0,0,375.0
2016-03-14,-5.0,-8.0,-6.5,0.0,0,6.0,0,373.0
2016-03-15,-3.0,-7.5,-5.3,0.0,0,3.0,0,370.0
2016-03-16,-2.0,-9.0,-5.5,0.0,0,0.0,0,361.0
2016-03-17,-3.0,-10.0,-6.5,0.0,0,0.0,0,348.0
2016-03-18,1.0,-9.0,-4.0,0.0,0,0.0,0,346.0
2016-03-19,1.5,-5.0,-1.8,0.0,0,0.0,0,340.0
2016-03-20,2.0,-2.0,0.0,8.0,0,12.0,0,335.0
2016-03-21,0.0,-2.5,-1.3,0.0,0,3.0,0,339.0
2016-03-22,0.0,-5.0,-2.5,0.0,0,1.0,0,329.0
2016-03-23,-1.0,-5.0,-3.0,0.0,0,12.0,0,325.0
2016-03-24,-3.5,-6.0,-4.8,0.0,0,1.0,0,334.0
2016-03-25,0.0,-7.5,-3.8,0.0,0,0.0,0,331.0
2016-03-26,1.5,-6.5,-2.5,0.0,0,6.0,0,326.0
2016-03-27,-1.0,-4.0,-2.5,0.0,0,3.0,0,328.0
2016-03-28,0.5,-6.0,-2.8,0.0,0,0.0,0,326.0
2016-03-29,6.5,-4.0,1.3,0.0,0,0.0,0,324.0
2016-03-30,10.0,2.5,6.3,0.0,0,0.0,0,318.0
2016-03-31,13.0,4.5,8.8,0.0,0,0.0,0,312.0
2016-04-01,9.0,4.5,6.8,0.0,0,0.0,0,307.0
2016-04-02,5.666666666666666,2.0,3.8666666666666663,0.0,0,0.0,0,302.0
2016-04-03,2.3333333333333326,-0.5,0.9333333333333327,0.0,0,0.0,0,297.0
2016-04-04,-1.0,-3.0,-2.0,0.0,0,6.0,0,292.0
2016-04-05,0.0,-4.5,-2.3,0.0,0,2.0,0,292.0
2016-04-06,8.5,-2.0,3.3,0.0,0,0.0,0,292.0
2016-04-07,13.0,2.0,7.5,0.0,0,0.0,0,281.0
2016-04-08,11.0,7.0,9.0,0.0,0,0.0,0,281.0
2016-04-09,9.0,4.25,6.65,0.0,0,0.0,0,276.5
2016-04-10,7.0,1.5,4.3,0.0,0,0.0,0,272.0
2016-04-11,1.5,-1.0,0.3,2.0,0,0.0,1,270.0
2016-04-12,-1.0,-3.0,-2.0,0.0,0,16.0,0,265.0
2016-04-13,1.0,-7.0,-3.0,0.0,0,0.0,0,281.0
2016-04-14,4.0,-5.0,-0.5,0.0,0,0.0,0,274.0
2016-04-15,0.0,-2.5,-1.3,0.0,0,0.0,1,269.0
2016-04-16,5.0,-3.5,0.8,0.0,0,0.0,0,266.0
2016-04-17,0.5,-4.25,-1.8499999999999999,0.0,0,0.0,0,196.0
2016-11-23,-4.0,-5.0,-4.5,0.0,0,44.0,0,126.0
2016-11-24,-4.0,-5.5,-4.8,0.0,0,64.0,0,155.0
2016-11-25,-4.0,-6.0,-5.0,0.0,0,22.0,0,185.0
2016-11-26,-2.0,-7.0,-4.5,0.0,0,31.0,0,188.0
2016-11-27,-5.0,-6.0,-5.5,0.0,0,6.0,0,200.0
2016-11-28,-2.5,-7.5,-5.0,0.0,0,0.0,0,194.0
2016-11-29,-3.0,-7.5,-5.3,0.0,0,4.0,0,180.0
2016-11-30,-3.0,-5.5,-4.3,0.0,0,1.0,0,178.0
2016-12-01,-2.5,-9.0,-5.8,0.0,0,4.0,0,172.0
2016-12-02,-1.5,-6.0,-3.8,0.0,0,2.0,0,173.0
2016-12-03,-5.0,-6.0,-5.5,0.0,0,3.0,0,166.0
2016-12-04,-7.5,-10.5,-9.0,0.0,0,2.0,0,162.0
2016-12-05,-10.0,-12.5,-11.3,0.0,0,0.0,1,159.0
2016-12-06,-16.0,-16.5,-16.3,0.0,0,0.0,0,156.0
2016-12-07,-13.0,-19.0,-16.0,0.0,0,0.0,0,155.0
2016-12-08,-10.5,-18.5,-14.5,0.0,0,1.0,0,154.0
2016-12-09,-7.0,-17.0,-12.0,0.0,0,13.0,0,152.0
2016-12-10,-6.5,-10.0,-8.3,0.0,0,5.0,0,159.0
2016-12-11,-7.0,-9.0,-8.0,0.0,0,14.0,0,165.0
2016-12-12,-11.0,-15.0,-13.0,0.0,0,0.0,1,173.0
2016-12-13,-8.0,-15.0,-11.5,0.0,0,0.0,0,166.0
2016-12-14,-6.5,-14.0,-10.3,0.0,0,0.0,0,163.0
2016-12-15,-9.5,-14.0,-11.8,0.0,0,0.0,0,161.0
2016-12-16,-13.0,-18.5,-15.8,0.0,0,0.0,0,159.0
2016-12-17,-6.5,-14.5,-10.5,0.0,0,1.0,0,154.0
2016-12-18,-5.0,-10.5,-7.8,0.0,0,31.0,0,154.0
2016-12-19,-3.5,-8.5,-6.0,0.0,0,6.0,0,181.0
2016-12-20,-2.0,-8.0,-5.0,0.0,0,4.0,0,177.0
2016-12-21,-3.0,-7.0,-5.0,0.0,0,1.0,0,170.0
2016-12-22,-5.0,-7.0,-6.0,0.0,0,11.0,0,168.0
2016-12-23,-8.5,-9.5,-9.0,0.0,0,27.0,0,173.0
2016-12-24,-10.5,-12.0,-11.3,0.0,0,0.0,0,173.0
2016-12-25,-8.5,-15.5,-12.0,0.0,0,1.0,0,170.0
2016-12-26,-5.5,-12.0,-8.8,0.0,0,23.0,0,168.0
2016-12-27,-6.0,-8.0,-7.0,0.0,0,5.0,0,188.0
2016-12-28,-6.5,-10.0,-8.3,0.0,0,13.0,0,184.0
2016-12-29,-5.5,-8.0,-6.8,0.0,0,41.0,0,192.0
2016-12-30,-5.5,-10.0,-7.8,0.0,0,0.0,1,217.0
2016-12-31,-8.0,-12.5,-10.3,0.0,0,8.0,0,207.0
2017-01-01,-14.0,-16.5,-15.3,0.0,0,0.0,0,203.0
2017-01-02,-18.0,-21.0,-19.5,0.0,0,0.0,0,199.0
2017-01-03,-14.5,-21.5,-18.0,0.0,0,0.0,0,195.0
2017-01-04,-8.0,-18.0,-13.0,0.0,0,0.0,0,190.0
2017-01-05,-6.5,-11.0,-8.8,0.0,0,1.0,0,187.0
2017-01-06,-8.5,-10.5,-9.5,0.0,0,4.0,0,184.0
2017-01-07,-3.5,-12.0,-7.8,0.0,0,0.0,0,185.0
2017-01-08,-1.0,-10.0,-5.5,0.0,0,15.0,0,182.0
2017-01-09,-6.0,-8.5,-7.3,0.0,0,3.0,0,193.0
2017-01-10,-15.0,-18.0,-16.5,0.0,0,0.0,1,189.0
2017-01-11,-6.0,-18.5,-12.3,0.0,0,0.0,0,188.0
2017-01-12,-5.5,-10.5,-8.0,0.0,0,0.0,0,185.0
2017-01-13,-1.5,-11.0,-6.3,0.0,0,0.0,0,182.0
2017-01-14,0.0,-4.5,-2.3,0.0,0,0.0,0,180.0
2017-01-15,0.0,-3.0,-1.5,0.0,0,0.0,1,178.0
2017-01-16,2.0,-3.5,-0.8,30.0,0,8.0,0,177.0
2017-01-17,0.5,-2.5,-1.0,0.0,0,39.0,0,181.0
2017-01-18,-0.5,-1.5,-1.0,0.0,0,37.0,0,214.0
2017-01-19,-3.0,-4.5,-3.8,0.0,0,14.0,0,240.0
2017-01-20,-4.5,-5.5,-5.0,0.0,0,1.0,0,239.0
2017-01-21,-4.0,-6.5,-5.3,0.0,0,5.0,0,232.0
2017-01-22,-4.0,-6.0,-5.0,0.0,0,0.0,1,231.0
2017-01-23,-3.0,-7.5,-5.3,0.0,0,0.0,0,229.0
2017-01-24,-5.0,-9.0,-7.0,0.0,0,0.0,0,220.0
2017-01-25,-5.0,-8.5,-6.8,0.0,0,0.0,0,220.0
2017-01-26,-2.0,-10.0,-6.0,0.0,0,0.0,0,216.0
2017-01-27,-1.5,-5.5,-3.5,0.0,0,0.0,0,212.0
2017-01-28,1.0,-4.5,-1.8,0.0,0,0.0,0,210.0
2017-01-29,0.0,-5.0,-2.5,0.0,0,5.0,0,208.0
2017-01-30,-6.0,-10.0,-8.0,0.0,0,0.0,0,210.0
2017-01-31,-12.0,-15.0,-13.5,0.0,0,0.0,0,208.0
2017-02-01,-11.0,-17.5,-14.3,0.0,0,0.0,0,208.0
2017-02-02,-4.5,-17.0,-10.8,0.0,0,0.0,0,208.0
2017-02-03,-4.5,-12.0,-8.3,0.0,0,28.0,0,208.0
2017-02-04,-6.0,-14.5,-10.3,0.0,0,36.0,0,232.0
2017-02-05,-10.0,-16.0,-13.0,0.0,0,3.0,0,257.0
2017-02-06,-12.0,-19.0,-15.5,0.0,0,2.0,0,251.0
2017-02-07,-11.5,-18.0,-14.8,0.0,0,0.0,0,248.0
2017-02-08,-1.5,-13.0,-7.3,0.0,0,32.0,0,245.0
2017-02-09,0.0,-13.5,-6.8,0.0,0,16.0,0,267.0
2017-02-10,-4.5,-6.0,-5.3,0.0,0,4.0,0,272.0
2017-02-11,-6.0,-9.5,-7.8,0.0,0,0.0,0,266.0
2017-02-12,2.0,-9.0,-3.5,0.0,0,0.0,0,264.0
2017-02-13,7.0,-1.5,2.8,0.0,0,0.0,0,257.0
2017-02-14,4.0,2.0,3.0,0.0,0,16.0,0,254.0
2017-02-15,3.0,-1.5,0.8,35.5,0,1.0,0,268.0
2017-02-16,-1.0,-6.0,-3.5,0.0,1,4.0,0,256.0
2017-02-17,-2.5,-5.5,-4.0,0.0,0,0.0,0,254.0
2017-02-18,-3.0,-7.5,-5.3,0.0,0,4.0,0,249.0
2017-02-19,-4.0,-6.5,-5.3,0.0,0,15.0,0,250.0
2017-02-20,-3.0,-7.0,-5.0,0.0,0,0.0,0,264.0
2017-02-21,-4.0,-9.0,-6.5,0.0,0,0.0,0,260.0
2017-02-22,-7.0,-12.5,-9.8,0.0,0,0.0,0,258.0
2017-02-23,-6.0,-12.5,-9.3,0.0,0,0.0,0,251.0
2017-02-24,-7.0,-12.0,-9.5,0.0,0,0.0,1,250.0
2017-02-25,-7.5,-13.0,-10.3,0.0,0,1.0,0,252.0
2017-02-26,-10.0,-14.0,-12.0,0.0,0,0.0,0,251.0
2017-02-27,-9.0,-15.0,-12.0,0.0,0,0.0,1,249.0
2017-02-28,-6.5,-14.0,-10.3,0.0,0,6.0,0,248.0
2017-03-01,-5.5,-12.5,-9.0,0.0,0,7.0,0,248.0
2017-03-02,-3.0,-8.0,-5.5,0.0,0,28.0,0,254.0
2017-03-03,-4.5,-7.0,-5.8,0.0,0,21.0,0,277.0
2017-03-04,-8.5,-12.5,-10.5,0.0,0,5.0,0,289.0
2017-03-05,-8.0,-13.0,-10.5,0.0,0,18.0,0,280.0
2017-03-06,-9.5,-12.5,-11.0,0.0,0,11.0,0,290.0
2017-03-07,-7.0,-12.5,-9.8,0.0,0,47.0,0,293.0
2017-03-08,-9.0,-12.5,-10.8,0.0,0,30.0,0,294.0
2017-03-09,-2.0,-12.5,-7.3,0.0,0,21.0,0,291.0
2017-03-10,-2.0,-10.0,-6.0,0.0,0,1.0,0,301.0
2017-03-11,-2.0,-6.5,-4.3,0.0,0,15.0,0,297.0
2017-03-12,-1.5,-3.5,-2.5,0.0,0,9.2,0,305.0
2017-03-13,1.0,-2.5,-0.8,0.0,0,3.0,0,308.0
2017-03-14,2.0,-1.0,0.5,4.0,0,20.0,0,298.0
2017-03-15,-0.5,-3.0,-1.8,0.0,0,10.0,0,290.0
2017-03-16,-5.0,-7.5,-6.3,0.0,0,10.0,0,298.0
2017-03-17,-1.5,-7.0,-4.3,0.0,0,25.0,0,301.0
2017-03-18,-1.0,-5.5,-3.3,0.0,0,4.0,0,323.0
2017-03-19,-4.5,-10.0,-7.3,0.0,0,0.0,0,316.0
2017-03-20,-3.0,-10.5,-6.8,0.0,0,0.0,1,313.0
2017-03-21,2.0,-6.0,-2.0,2.0,0,5.0,0,308.0
2017-03-22,-1.0,-2.5,-1.8,0.0,0,25.0,0,316.0
2017-03-23,-3.5,-6.5,-5.0,0.0,0,14.0,0,324.0
2017-03-24,-2.0,-5.0,-3.5,0.0,0,11.0,0,330.0
2017-03-25,-2.0,-6.5,-4.3,0.0,0,4.0,0,332.0
2017-03-26,-3.0,-7.0,-5.0,0.0,0,7.0,0,327.0
2017-03-27,-2.0,-5.0,-3.5,0.0,0,12.0,0,329.0
2017-03-28,-2.0,-5.0,-3.5,0.0,0,16.0,0,336.0
2017-03-29,0.0,-4.0,-2.0,0.0,0,16.0,0,344.0
2017-03-30,1.0,-6.0,-2.5,0.0,0,0.0,0,349.0
2017-03-31,0.5,-5.5,-2.5,0.0,0,17.0,0,340.0
2017-04-01,-0.5,-4.5,-2.5,0.0,0,5.0,0,348.0
2017-04-02,-4.0,-8.0,-6.0,0.0,0,0.0,0,341.0
2017-04-03,-0.5,-9.0,-4.8,0.0,0,0.0,0,338.0
2017-04-04,-2.0,-7.0,-4.5,0.0,0,20.0,0,336.0
2017-04-05,-1.0,-3.5,-2.3,0.0,0,8.0,0,355.0
2017-04-06,1.5,-3.0,-0.8,0.0,0,15.0,0,353.0
2017-04-07,-0.5,-5.5,-3.0,0.0,0,14.0,0,360.0
2017-04-08,-2.0,-5.0,-3.5,0.0,0,1.0,0,363.0
2017-04-09,-3.0,-7.5,-5.3,0.0,0,2.0,0,357.0
2017-04-10,-2.0,-5.0,-3.5,0.0,0,6.0,0,355.0
2017-04-11,-1.5,-8.0,-4.8,0.0,0,0.0,1,360.0
2017-04-12,-1.5,-5.0,-3.3,0.0,0,15.0,0,350.0
2017-04-13,-1.5,-4.5,-3.0,0.0,0,8.0,0,358.0
2017-04-14,-3.0,-6.5,-4.8,0.0,0,6.0,0,358.0
2017-04-15,0.0,-6.0,-3.0,0.0,0,4.0,0,363.0
2017-04-16,1.0,-7.0,-3.0,0.0,0,3.0,0,360.0
2017-04-17,-0.5,-2.0,-1.3,0.0,0,14.0,0,358.0
2017-11-17,-3.5,-8.0,-5.8,0.0,0,1.0,0,179.0
2017-11-18,-2.5,-7.5,-5.0,0.0,0,22.2,0,167.0
2017-11-19,-2.5,-5.0,-3.8,0.0,0,54.0,0,176.0
2017-11-20,0.0,-5.0,-2.5,0.0,0,0.0,0,205.0
2017-11-21,5.5,-5.5,0.0,31.0,0,4.0,0,188.0
2017-11-22,8.0,4.0,6.0,40.0,0,2.0,0,170.0
2017-11-23,-0.5,-2.0,-1.3,0.0,0,123.0,0,124.0
2017-11-24,-1.5,-3.0,-2.3,0.0,0,6.3,0,127.5
2017-11-25,-2.5,-4.0,-3.3,30.0,0,9.0,0,131.0
2017-11-26,-3.75,-5.5,-4.65,10.0,0,5.0,0,130.0
2017-11-27,-5.0,-7.0,-6.0,0.0,0,7.0,0,128.0
2017-11-28,-4.5,-6.0,-5.3,0.0,0,9.0,0,132.0
2017-11-29,-1.5,-6.0,-3.8,0.0,0,9.0,0,136.0
2017-11-30,-3.0,-4.0,-3.5,0.0,0,9.0,0,143.0
2017-12-01,-3.5,-6.0,-4.8,0.0,0,17.0,0,149.0
2017-12-02,-4.0,-6.5,-5.3,0.0,0,6.0,0,159.0
2017-12-03,-3.5,-10.0,-6.8,0.0,0,0.0,0,162.0
2017-12-04,-2.5,-10.0,-6.3,0.0,0,0.0,0,153.0
2017-12-05,4.5,-5.0,-0.3,0.0,0,0.0,0,149.0
2017-12-06,9.5,-1.0,4.3,0.0,0,0.0,0,146.0
2017-12-07,10.5,1.5,6.0,0.0,0,0.0,0,144.0
2017-12-08,7.5,0.0,3.8,0.0,0,0.0,0,142.0
2017-12-09,6.5,4.0,5.3,0.0,0,0.0,0,141.0
2017-12-10,11.5,2.5,7.0,0.0,0,0.0,0,138.0
2017-12-11,11.5,5.0,8.3,0.0,0,0.0,0,137.0
2017-12-12,3.0,-0.5,1.3,0.0,0,0.0,0,136.0
2017-12-13,5.5,-3.5,1.0,0.0,0,0.0,0,136.0
2017-12-14,8.0,0.5,4.3,0.0,0,2.0,0,136.0
2017-12-15,3.0,-3.25,-0.10000000000000053,0.0,0,2.7,0,137.5
2017-12-16,-2.0,-7.0,-4.5,0.0,0,2.0,0,139.0
2017-12-17,-0.5,-6.0,-3.3,0.0,0,12.0,0,141.0
2017-12-18,-5.0,-6.0,-5.5,0.0,0,4.0,0,148.0
2017-12-19,-7.5,-9.0,-8.3,0.0,0,16.0,0,151.0
2017-12-20,-2.0,-14.0,-8.0,0.0,0,0.0,0,163.0
2017-12-21,-3.166666666666667,-14.833333333333334,-9.0,0.0,0,0.0,0,161.33333333333334
2017-12-22,-4.333333333333334,-15.666666666666668,-10.0,0.0,0,0.0,0,159.66666666666669
2017-12-23,-5.5,-16.5,-11.0,0.0,0,0.0,0,158.0
2017-12-24,-3.0,-13.0,-8.0,0.0,0,3.0,0,157.0
2017-12-25,-6.0,-9.5,-7.8,0.0,0,0.0,1,158.0
2017-12-26,-7.0,-12.0,-9.5,0.0,0,2.0,0,157.0
2017-12-27,-3.5,-10.5,-7.0,0.0,0,10.0,0,157.0
2017-12-28,-2.0,-7.5,-4.8,0.0,0,18.0,0,163.0
2017-12-29,-2.5,-5.0,-3.8,0.0,0,26.0,0,176.0
2017-12-30,-4.0,-11.0,-7.5,0.0,0,0.0,1,200.0
2017-12-31,2.0,-12.5,-5.3,0.0,0,0.0,0,193.0
2018-01-01,6.0,-6.0,0.0,0.0,0,0.0,0,187.0
2018-01-02,5.5,0.0,2.8,0.0,0,0.0,0,183.0
2018-01-03,6.0,0.0,3.0,0.0,0,0.0,0,180.0
2018-01-04,5.0,1.5,3.3,2.5,0,0.0,0,179.0
2018-01-05,3.0,0.5,1.8,13.4,0,0.0,1,175.0
2018-01-06,0.0,-3.0,-1.5,0.0,0,2.0,0,169.0
2018-01-07,0.0,-5.5,-2.8,0.0,0,10.0,0,169.0
2018-01-08,-0.5,-4.0,-2.3,0.0,0,13.0,0,178.0
2018-01-09,-3.0,-4.0,-3.5,0.0,0,1.0,0,188.0
2018-01-10,-6.0,-8.0,-7.0,0.0,0,1.0,0,188.0
2018-01-11,-1.0,-8.0,-4.5,0.0,0,1.0,0,186.0
2018-01-12,0.0,-7.0,-3.5,0.0,0,9.0,0,184.0
2018-01-13,6.0,-3.0,1.5,0.0,0,0.0,1,189.0
2018-01-14,11.0,2.0,6.5,0.0,0,0.0,0,185.0
2018-01-15,7.0,5.0,6.0,5.7,0,1.0,0,184.0
2018-01-16,-0.5,-4.0,-2.3,0.0,0,26.0,0,183.0
2018-01-17,-0.5,-4.0,-2.3,0.0,0,29.0,0,205.0
2018-01-18,-4.0,-5.5,-4.8,0.0,0,10.0,0,225.0
2018-01-19,-4.0,-6.0,-5.0,0.0,0,5.0,0,232.0
2018-01-20,-4.0,-7.5,-5.8,0.0,0,60.0,0,230.0
2018-01-21,-3.0,-6.0,-4.5,0.0,0,31.0,0,279.0
2018-01-22,-4.5,-7.0,-5.8,0.0,0,8.0,0,279.0
2018-01-23,-3.0,-7.0,-5.0,0.0,0,16.0,0,271.0
2018-01-24,-2.5,-5.0,-3.8,0.0,0,40.0,0,274.0
2018-01-25,-7.0,-9.0,-8.0,0.0,0,15.0,0,194.0
2018-01-26,-6.0,-9.0,-7.5,0.0,0,24.0,0,295.0
2018-01-27,-5.5,-10.5,-8.0,0.0,0,13.0,0,302.0
2018-01-28,0.0,-7.5,-3.8,0.0,0,45.0,0,301.0
2018-01-29,1.0,-1.5,-0.3,0.0,0,16.0,0,326.0
2018-01-30,-6.0,-7.5,-6.8,0.0,0,3.0,0,318.0
2018-01-31,-5.5,-9.0,-7.3,0.0,0,8.0,0,311.0
2018-02-01,0.5,-8.5,-4.0,0.0,0,2.0,0,310.0
2018-02-02,0.5,-5.5,-2.5,0.0,0,9.0,0,303.0
2018-02-03,3.0,-2.0,0.5,0.0,0,3.0,0,306.0
2018-02-04,2.5,-1.0,0.8,4.8,0,1.0,0,303.0
2018-02-05,-1.0,-3.0,-2.0,0.0,0,1.0,0,297.0
2018-02-06,1.5,-6.0,-2.3,0.0,0,3.0,0,295.0
2018-02-07,1.0,-2.0,-0.5,0.0,0,2.2,0,288.0
2018-02-08,0.0,-4.0,-2.0,0.0,0,1.0,0,287.0
2018-02-09,-5.5,-8.5,-7.0,0.0,0,0.0,0,284.0
2018-02-10,-0.5,-12.5,-6.5,0.0,0,0.0,0,283.0
2018-02-11,-6.0,-10.5,-8.3,0.0,0,0.0,0,282.0
2018-02-12,0.0,-16.0,-8.0,0.0,0,0.0,0,281.0
2018-02-13,0.5,-6.0,-2.8,0.0,0,11.0,0,280.0
2018-02-14,-5.5,-9.0,-7.3,0.0,0,0.0,1,288.0
2018-02-15,-4.5,-12.5,-8.5,0.0,0,4.0,0,287.0
2018-02-16,-5.0,-9.0,-7.0,0.0,0,4.0,0,284.0
2018-02-17,-6.0,-8.0,-7.0,0.0,0,27.0,0,288.0
2018-02-18,-17.0,-20.5,-18.8,0.0,0,0.0,1,308.0
2018-02-19,-10.0,-21.0,-15.5,0.0,0,0.0,0,304.0
2018-02-20,-12.0,-17.0,-14.5,0.0,0,0.0,0,299.0
2018-02-21,-12.0,-17.0,-14.5,0.0,0,3.0,0,293.0
2018-02-22,-11.0,-17.5,-14.3,0.0,0,0.0,1,292.0
2018-02-23,-9.5,-14.0,-11.8,0.0,0,12.0,0,289.0
2018-02-24,-5.5,-12.5,-9.0,0.0,0,15.0,0,299.0
2018-02-25,-8.0,-10.0,-9.0,0.0,0,1.0,0,299.0
2018-02-26,-7.0,-13.0,-10.0,0.0,0,3.0,0,298.0
2018-02-27,-6.5,-10.0,-8.3,0.0,0,2.0,0,295.0
2018-02-28,-5.0,-9.0,-7.0,0.0,0,43.0,0,296.0
2018-03-01,-4.5,-8.5,-6.5,0.0,0,0.0,1,333.0
2018-03-02,-5.0,-9.5,-7.3,0.0,0,1.0,0,325.0
2018-03-03,-3.0,-11.0,-7.0,0.0,0,0.0,1,316.0
2018-03-04,-6.0,-9.0,-7.5,0.0,0,2.0,0,312.0
2018-03-05,-6.5,-9.5,-8.0,0.0,0,1.0,0,310.0
2018-03-06,-3.0,-10.0,-6.5,0.0,0,0.0,0,307.0
2018-03-07,2.5,-9.5,-3.5,0.0,0,2.0,0,305.0
2018-03-08,-0.5,-4.0,-2.3,0.0,0,8.0,0,304.0
2018-03-09,-5.0,-9.5,-7.3,0.0,0,0.0,1,305.0
2018-03-10,1.5,-9.5,-4.0,0.0,0,0.0,0,303.0
2018-03-11,5.0,-4.0,0.5,0.0,0,0.0,0,300.0
2018-03-12,6.0,1.0,3.5,0.0,0,0.0,0,298.0
2018-03-13,5.5,-1.0,2.3,0.0,0,7.0,0,294.0
2018-03-14,0.0,-4.0,-2.0,0.0,0,4.0,0,299.0
2018-03-15,0.0,-10.0,-5.0,0.0,0,0.0,0,299.0
2018-03-16,0.5,-6.0,-2.8,0.0,0,0.0,0,297.0
2018-03-17,-0.5,-4.0,-2.3,0.0,0,0.0,1,295.0
2018-03-18,2.0,-6.5,-2.3,0.0,0,0.0,0,294.0
2018-03-19,-1.0,-6.0,-3.5,0.0,0,0.0,0,290.0
2018-03-20,-1.0,-6.0,-3.5,0.0,0,0.0,0,289.0
2018-03-21,-1.0,-6.0,-3.5,0.0,0,6.0,0,288.0
2018-03-22,-1.0,-3.5,-2.3,0.0,0,28.0,0,294.0
2018-03-23,-4.0,-9.5,-6.8,0.0,0,12.0,0,313.0
2018-03-24,-3.5,-10.5,-7.0,0.0,0,2.0,0,314.0
2018-03-25,-6.0,-11.5,-8.8,0.0,0,4.0,0,313.0
2018-03-26,-2.0,-8.0,-5.0,0.0,0,8.0,0,308.0
2018-03-27,0.0,-4.0,-2.0,0.0,0,0.0,1,309.0
2018-03-28,-1.0,-6.0,-3.5,0.0,0,0.0,1,304.0
2018-03-29,0.5,-6.0,-2.8,0.0,0,0.0,1,303.0
2018-03-30,0.5,-4.0,-1.8,0.0,0,0.0,0,298.0
2018-03-31,1.0,-7.5,-3.3,0.0,0,2.0,0,297.0
2018-04-01,-5.5,-9.0,-7.3,0.0,0,8.0,0,297.0
2018-04-02,-4.0,-12.5,-8.3,0.0,0,2.0,0,298.0
2018-04-03,-4.5,-9.0,-6.8,0.0,0,1.0,0,299.0
2018-04-04,-1.0,-8.0,-4.5,0.0,0,5.0,0,299.0
2018-04-05,1.0,-5.0,-2.0,0.0,0,5.0,0,303.0
2018-04-06,3.0,-1.0,1.0,0.0,0,1.0,0,305.0
2018-04-07,0.5,-1.5,-0.5,0.0,0,14.0,0,298.0
2018-04-08,4.0,-3.0,0.5,3.3,0,1.0,0,306.0
2018-04-09,4.5,-2.0,1.3,0.0,0,0.0,0,304.0
2018-04-10,5.0,-2.0,1.5,12.5,0,4.0,0,299.0
2018-04-11,-0.5,-4.0,-2.3,0.0,0,8.0,0,305.0
2018-04-12,-2.5,-6.0,-4.3,0.0,0,9.0,0,310.0
2018-04-13,-1.0,-6.0,-3.5,0.0,0,18.0,0,317.0
2018-04-14,-2.0,-5.5,-3.8,0.0,0,2.0,0,327.0
2018-04-15,0.5,-5.5,-2.5,0.0,0,1.0,0,323.0
2018-04-16,0.5,-5.0,-2.3,0.0,0,9.0,0,318.0
2018-04-17,-2.5,-6.0,-4.3,0.0,0,3.0,0,322.0
2018-11-22,0.0,-3.0,-1.5,0.0,0,12.0,0,50.0
2018-11-23,-3.0,-4.0,-3.5,0.0,0,4.0,0,56.0
2018-11-24,-3.0,-6.0,-4.5,0.0,0,1.0,0,57.0
2018-11-25,-0.25,-3.75,-2.0,0.0,0,0.9,0,57.5
2018-11-26,2.5,-1.5,0.5,0.0,0,3.0,0,58.0
2018-11-27,2.5,-1.0,0.8,0.0,0,12.0,0,57.0
2018-11-28,-2.5,-4.5,-3.5,0.0,0,1.0,0,64.0
2018-11-29,-2.5,-4.5,-3.5,0.0,0,5.0,0,64.0
2018-11-30,-3.0,-6.0,-4.5,0.0,0,4.0,0,67.0
2018-12-01,-4.0,-7.0,-5.5,0.0,0,0.0,0,68.0
2018-12-02,-6.5,-9.5,-8.0,0.0,0,0.0,1,66.0
2018-12-03,-2.5,-11.0,-6.8,0.0,0,0.0,1,66.0
2018-12-04,-2.0,-11.5,-6.8,0.0,0,0.0,0,64.0
2018-12-05,-0.5,-9.5,-5.0,0.0,0,0.0,0,62.0
2018-12-06,2.0,-8.5,-3.3,0.0,0,0.0,0,62.0
2018-12-07,-0.5,-4.5,-2.5,0.0,0,0.0,1,61.0
2018-12-08,-0.5,-5.5,-3.0,0.0,0,1.2,0,59.0
2018-12-09,-0.5,-3.0,-1.8,0.0,0,26.0,0,60.0
2018-12-10,-3.5,-5.0,-4.3,0.0,0,18.0,0,85.0
2018-12-11,-1.5,-6.0,-3.8,0.0,0,34.0,0,94.0
2018-12-12,-2.5,-7.5,-5.0,0.0,0,52.0,0,117.0
2018-12-13,-0.5,-5.5,-3.0,0.0,0,36.0,0,166.0
2018-12-14,-0.5,-4.0,-2.3,0.0,0,10.0,0,176.0
2018-12-15,-1.5,-9.0,-5.3,0.0,0,15.0,0,170.0
2018-12-16,0.0,-5.5,-2.8,0.0,0,34.0,0,173.0
2018-12-17,-2.0,-3.0,-2.5,0.0,0,31.0,0,191.0
2018-12-18,-2.0,-4.0,-3.0,0.0,0,19.0,0,207.0
2018-12-19,-0.5,-4.5,-2.5,0.0,0,20.0,0,206.0
2018-12-20,2.0,-5.5,-1.8,0.0,0,17.0,0,215.0
2018-12-21,-6.0,-10.5,-8.3,0.0,0,31.0,0,216.0
2018-12-22,-3.5,-11.0,-7.3,0.0,0,24.0,0,212.0
2018-12-23,-3.5,-5.0,-4.3,0.0,0,6.0,0,226.0
2018-12-24,-4.0,-7.0,-5.5,0.0,0,0.0,0,222.0
2018-12-25,-6.0,-9.5,-7.8,0.0,0,2.0,0,210.0
2018-12-26,-6.5,-8.5,-7.5,0.0,0,7.0,0,210.0
2018-12-27,-3.5,-9.0,-6.3,0.0,0,1.0,0,207.0
2018-12-28,2.0,-8.0,-3.0,0.0,0,8.0,0,206.0
2018-12-29,0.0,-3.0,-1.5,0.0,0,9.0,0,206.0
2018-12-30,-5.5,-8.0,-6.8,0.0,0,0.0,0,205.0
2018-12-31,-2.0,-12.0,-7.0,0.0,0,1.0,0,198.0
2019-01-01,3.5,-6.0,-1.3,0.0,0,2.0,0,198.0
2019-01-02,1.0,-5.5,-2.3,0.0,0,46.0,0,196.0
2019-01-03,0.5,-3.5,-1.5,0.0,0,58.0,0,238.0
2019-01-04,1.0,-4.0,-1.5,0.0,0,9.0,0,272.0
2019-01-05,-1.0,-4.0,-2.5,0.0,0,17.0,0,270.0
2019-01-06,-4.0,-8.0,-6.0,0.0,0,1.0,0,270.0
2019-01-07,-9.0,-11.0,-10.0,0.0,0,0.0,1,257.0
2019-01-08,1.5,-14.0,-6.3,0.0,0,17.0,0,255.0
2019-01-09,0.0,-9.0,-4.5,0.0,0,34.0,0,267.0
2019-01-10,-0.5,-2.0,-1.3,0.0,0,6.0,0,287.0
2019-01-11,1.5,-2.0,-0.3,0.0,0,1.0,0,283.0
2019-01-12,3.5,-4.0,-0.3,0.0,0,0.0,0,262.0
2019-01-13,5.5,1.0,3.3,0.0,0,0.0,0,259.0
2019-01-14,7.5,0.5,4.0,0.0,0,0.0,0,255.0
2019-01-15,2.5,0.0,1.3,0.0,0,0.0,0,248.0
2019-01-16,-0.5,-3.0,-1.8,0.0,0,0.0,1,244.0
2019-01-17,-0.5,-5.0,-2.8,0.0,0,12.0,0,241.0
2019-01-18,-1.0,-3.5,-2.3,0.0,0,4.0,0,250.0
2019-01-19,-3.0,-5.0,-4.0,0.0,0,8.0,0,245.0
2019-01-20,-5.0,-8.0,-6.5,0.0,0,0.0,0,246.0
2019-01-21,-4.0,-9.0,-6.5,0.0,0,8.0,0,242.0
2019-01-22,-2.0,-8.0,-5.0,0.0,0,21.0,0,248.0
2019-01-23,0.5,-6.0,-2.8,0.0,0,0.0,0,260.0
2019-01-24,2.0,-5.5,-1.8,0.0,0,0.0,0,259.0
2019-01-25,4.0,-3.5,0.3,0.0,0,0.0,0,258.0
2019-01-26,8.0,1.0,4.5,0.0,0,0.0,0,248.0
2019-01-27,3.0,-1.5,0.8,0.0,0,0.0,0,245.0
2019-01-28,4.0,-7.0,-1.5,0.0,0,0.0,0,244.0
2019-01-29,5.0,-3.0,1.0,0.0,0,0.0,0,242.0
2019-01-30,4.0,0.5,2.3,0.0,0,0.0,1,238.0
2019-01-31,2.5,-0.5,1.0,0.0,0,30.0,0,235.0
2019-02-01,0.0,-3.5,-1.8,0.0,0,19.0,0,266.0
2019-02-02,-3.5,-5.5,-4.5,0.0,0,3.0,0,270.0
2019-02-03,-15.5,-23.0,-19.3,0.0,0,9.0,0,271.0
2019-02-04,-13.5,-26.5,-20.0,0.0,0,0.0,0,268.0
2019-02-05,-6.0,-17.5,-11.8,0.0,0,0.0,0,265.0
2019-02-06,-6.0,-14.0,-10.0,0.0,0,0.0,0,257.0
2019-02-07,-4.5,-11.5,-8.0,0.0,0,0.0,1,255.0
2019-02-08,-10.0,-15.0,-12.5,0.0,0,0.0,0,250.0
2019-02-09,-11.5,-23.5,-17.5,0.0,0,0.0,0,249.0
2019-02-10,-11.0,-19.5,-15.3,0.0,0,0.2,0,246.0
2019-02-11,-14.0,-22.0,-18.0,0.0,0,7.2,0,241.0
2019-02-12,-8.5,-18.5,-13.5,0.0,0,15.0,0,251.0
2019-02-13,-6.0,-15.0,-10.5,0.0,0,0.0,0,259.0
2019-02-14,-4.5,-13.0,-8.8,0.0,0,6.0,0,256.0
2019-02-15,-4.5,-11.5,-8.0,0.0,0,2.0,0,260.0
2019-02-16,-5.0,-13.0,-9.0,0.0,0,0.0,1,253.0
2019-02-17,-6.5,-10.0,-8.3,0.0,0,0.0,0,250.0
2019-02-18,-4.0,-10.5,-7.3,0.0,0,0.0,1,249.0
2019-02-19,-6.5,-10.0,-8.3,0.0,0,1.0,0,248.0
2019-02-20,-6.5,-11.5,-9.0,0.0,0,0.0,0,247.0
2019-02-21,-6.0,-13.5,-9.8,0.0,0,7.0,0,245.0
2019-02-22,-7.0,-11.0,-9.0,0.0,0,15.0,0,250.0
2019-02-23,-7.0,-11.0,-9.0,0.0,0,0.0,0,259.0
2019-02-24,-10.5,-13.0,-11.8,0.0,0,0.0,0,253.0
2019-02-25,-13.5,-18.5,-16.0,0.0,0,0.0,0,250.0
2019-02-26,-12.5,-19.5,-16.0,0.0,0,0.0,0,248.0
2019-02-27,-7.0,-16.0,-11.5,0.0,0,9.0,0,245.0
2019-02-28,-7.0,-10.5,-8.8,0.0,0,1.0,0,252.0
2019-03-01,-5.5,-11.5,-8.5,0.0,0,0.0,0,247.0
2019-03-02,-9.5,-13.0,-11.3,0.0,0,0.0,0,245.0
2019-03-03,-12.5,-19.0,-15.8,0.0,0,0.0,0,244.0
2019-03-04,-10.5,-18.5,-14.5,0.0,0,0.0,0,243.0
2019-03-05,-10.5,-15.0,-12.8,0.0,0,0.0,1,243.0
2019-03-06,-5.0,-13.0,-9.0,0.0,0,8.0,0,241.0
2019-03-07,-7.5,-11.0,-9.3,0.0,0,3.0,0,246.0
2019-03-08,-6.0,-14.0,-10.0,0.0,0,0.0,0,247.0
2019-03-09,-3.0,-11.5,-7.3,0.0,0,0.0,0,245.0
2019-03-10,-2.5,-9.5,-6.0,0.0,0,0.0,0,243.0
2019-03-11,-5.5,-7.5,-6.5,0.0,0,28.0,0,239.0
2019-03-12,-2.5,-9.0,-5.8,0.0,0,0.0,1,267.0
2019-03-13,-2.5,-10.0,-6.3,0.0,0,0.0,0,260.0
2019-03-14,-3.5,-7.0,-5.3,0.0,0,4.0,0,259.0
2019-03-15,0.5,-5.5,-2.5,0.0,0,0.0,0,258.0
2019-03-16,4.0,-4.5,-0.3,0.0,0,0.0,0,255.0
2019-03-17,5.5,-2.0,1.8,0.0,0,0.0,0,250.0
2019-03-18,9.0,1.0,5.0,0.0,0,0.0,0,246.0
2019-03-19,10.5,3.5,7.0,0.0,0,0.0,0,243.0
2019-03-20,10.5,4.5,7.5,0.0,0,0.0,0,240.0
2019-03-21,8.5,2.5,5.5,0.0,0,0.0,0,236.0
2019-03-22,5.0,0.0,2.5,0.0,0,4.0,0,232.0
2019-03-23,1.0,-4.0,-1.5,0.0,0,0.0,0,233.0
2019-03-24,2.0,-3.0,-0.5,0.0,0,0.0,1,229.0
2019-03-25,4.0,-2.5,0.8,0.0,0,8.0,0,229.0
2019-03-26,-2.5,-4.5,-3.5,0.0,0,0.0,1,236.0
2019-03-27,1.0,-6.0,-2.5,0.0,0,0.0,0,233.0
2019-03-28,4.0,-3.5,0.3,0.0,0,0.0,0,230.0
2019-03-29,5.5,-1.5,2.0,0.0,0,0.0,0,228.0
2019-03-30,4.5,-1.5,1.5,0.0,0,0.0,0,227.0
2019-03-31,6.5,-1.5,2.5,0.0,0,0.0,0,226.0
2019-04-01,4.5,-2.0,1.3,0.0,0,0.0,0,225.0
2019-04-02,5.0,-2.5,1.3,0.0,0,1.0,0,225.0
2019-04-03,1.0,-2.0,-0.5,0.0,0,5.0,0,223.0
2019-04-04,3.5,-2.0,0.8,0.0,0,2.0,0,228.0
2019-04-05,0.5,-1.0,-0.3,0.0,0,9.0,0,225.0
2019-04-06,-3.0,-4.5,-3.8,0.0,0,23.0,0,235.0
2019-04-07,-1.5,-4.5,-3.0,0.0,0,1.0,0,253.0
2019-04-08,1.0,-6.5,-2.8,0.0,0,4.0,0,241.0
2019-04-09,4.0,-4.5,-0.3,0.0,0,0.0,1,244.0
2019-04-10,-0.5,-4.0,-2.3,0.0,0,3.0,0,237.0
2019-04-11,-1.5,-6.5,-4.0,0.0,0,4.0,0,238.0
2019-04-12,1.0,-5.5,-2.3,0.0,0,2.0,0,240.0
2019-04-13,-2.0,-4.0,-3.0,0.0,0,5.0,0,238.0
2019-04-14,-1.5,-6.5,-4.0,0.0,0,4.0,0,244.0
2019-04-15,-1.0,-8.5,-4.8,0.0,0,0.0,0,246.0
2019-04-16,-2.0,-8.0,-5.0,0.0,0,0.0,0,244.0
2019-04-17,3.5,-4.0,-0.3,15.8,0,0.0,0,245.0
2019-11-26,-8.5,-11.0,-9.8,0.0,0,0.0,1,27.0
2019-11-27,-12.0,-13.5,-12.8,0.0,0,0.0,0,27.0
2019-11-28,-9.5,-16.5,-13.0,0.0,0,0.0,0,27.0
2019-11-29,-5.0,-13.0,-9.0,0.0,0,0.0,0,28.0
2019-11-30,-4.0,-10.5,-7.3,0.0,0,0.0,0,28.0
2019-12-01,-3.0,-7.5,-5.3,0.0,0,4.0,0,27.0
2019-12-02,-0.5,-7.0,-3.8,0.0,0,4.0,0,30.0
2019-12-03,0.5,-2.0,-0.8,0.0,0,7.0,0,34.0
2019-12-04,0.5,-1.5,-0.5,0.0,0,1.0,0,39.0
2019-12-05,1.0,-7.5,-3.3,8.3,0,1.0,0,50.0
2019-12-06,1.5,-1.5,0.0,0.8,0,1.0,0,38.0
2019-12-07,0.0,-1.0,-0.5,0.0,0,2.0,0,38.0
2019-12-08,1.0,-5.0,-2.0,0.0,0,0.0,0,40.0
2019-12-09,4.0,-3.0,0.5,0.0,0,0.0,0,39.0
2019-12-10,1.0,-3.0,-1.0,0.0,0,1.0,0,38.0
2019-12-11,-2.0,-5.5,-3.8,0.0,0,11.0,0,39.0
2019-12-12,-1.0,-4.0,-2.5,0.0,0,4.0,0,50.0
2019-12-13,-3.0,-5.0,-4.0,0.0,0,0.0,1,50.0
2019-12-14,-6.0,-8.0,-7.0,0.0,0,0.0,1,50.0
2019-12-15,-4.5,-10.5,-7.5,0.0,0,0.0,1,50.0
2019-12-16,-1.5,-7.0,-4.3,0.0,0,10.0,0,48.0
2019-12-17,-1.0,-2.5,-1.8,0.0,0,20.0,0,60.0
2019-12-18,-2.5,-5.0,-3.8,0.0,0,16.0,0,75.0
2019-12-19,-0.5,-5.0,-2.8,0.0,0,31.0,0,87.0
2019-12-20,-2.5,-5.0,-3.8,0.0,0,11.0,0,106.0
2019-12-21,-4.0,-5.5,-4.8,0.0,0,0.0,1,109.0
2019-12-22,-4.5,-7.5,-6.0,0.0,0,0.0,0,103.0
2019-12-23,-4.0,-8.5,-6.3,0.0,0,0.0,1,98.0
2019-12-24,-6.5,-10.0,-8.3,0.0,0,1.0,0,97.0
2019-12-25,-5.0,-9.0,-7.0,0.0,0,0.0,0,95.0
2019-12-26,-4.5,-7.5,-6.0,0.0,0,7.0,0,90.0
2019-12-27,-1.5,-8.0,-4.8,0.0,0,0.0,1,95.0
2019-12-28,-0.5,-7.5,-4.0,0.0,0,2.0,0,93.0
2019-12-29,1.0,-2.5,-0.8,0.0,0,1.0,0,92.0
2019-12-30,-1.0,-3.0,-2.0,0.0,0,14.0,0,92.0
2019-12-31,1.0,-3.0,-1.0,0.0,0,27.0,0,104.0
2020-01-01,-2.0,-3.5,-2.8,0.0,0,0.0,1,120.0
2020-01-02,-0.5,-9.5,-5.0,0.0,0,18.0,0,118.0
2020-01-03,0.5,-9.0,-4.3,0.0,0,41.0,0,134.0
2020-01-04,-5.0,-9.0,-7.0,0.0,0,10.0,0,160.0
2020-01-05,-5.0,-7.5,-6.3,0.0,0,18.0,0,161.0
2020-01-06,0.5,-9.0,-4.3,0.0,0,21.0,0,164.0
2020-01-07,-0.5,-2.0,-1.3,0.0,0,45.0,0,175.0
2020-01-08,-7.5,-8.5,-8.0,0.0,0,1.0,0,202.0
2020-01-09,-7.5,-12.0,-9.8,0.0,0,9.0,0,192.0
2020-01-10,-4.5,-10.0,-7.3,0.0,0,15.0,0,191.0
2020-01-11,-4.5,-7.0,-5.8,0.0,0,11.0,0,194.0
2020-01-12,-6.5,-14.0,-10.3,0.0,0,14.0,0,196.0
2020-01-13,-13.5,-21.5,-17.5,0.0,0,0.0,1,198.0
2020-01-14,-12.0,-23.5,-17.8,0.0,0,3.0,0,194.0
2020-01-15,-7.5,-22.0,-14.8,0.0,0,32.0,0,189.0
2020-01-16,-8.0,-15.0,-11.5,0.0,0,14.0,0,214.0
2020-01-17,-6.0,-13.5,-9.8,0.0,0,8.0,0,212.0
2020-01-18,-1.5,-13.0,-7.3,0.0,0,18.0,0,211.0
2020-01-19,2.5,-4.0,-0.8,6.8,0,8.0,0,216.0
2020-01-20,-0.5,-2.0,-1.3,0.0,0,13.0,0,207.0
2020-01-21,-2.0,-4.5,-3.3,0.0,0,30.0,0,208.0
2020-01-22,0.0,-5.0,-2.5,0.0,0,32.0,0,227.0
2020-01-23,1.0,-4.5,-1.8,0.0,0,10.0,0,247.0
2020-01-24,-0.5,-2.5,-1.5,0.0,0,14.0,0,238.0
2020-01-25,-0.5,-5.0,-2.8,0.0,0,5.0,0,235.0
2020-01-26,-2.0,-5.0,-3.5,0.0,0,15.0,0,232.0
2020-01-27,-3.0,-7.0,-5.0,0.0,0,9.0,0,238.0
2020-01-28,-0.5,-7.0,-3.8,0.0,0,7.0,0,239.0
2020-01-29,-1.0,-4.5,-2.8,0.0,0,16.0,0,241.0
2020-01-30,1.0,-6.5,-2.8,0.0,0,18.0,0,245.0
2020-01-31,1.5,-5.5,-2.0,38.1,0,18.0,0,255.0
2020-02-01,-0.5,-8.0,-4.3,0.0,0,1.0,0,253.0
2020-02-02,-7.0,-14.0,-10.5,0.0,0,7.0,0,246.0
2020-02-03,-7.0,-15.5,-11.3,0.0,0,1.0,0,247.0
2020-02-04,-3.0,-15.0,-9.0,0.0,0,7.0,0,246.0
2020-02-05,-0.5,-6.5,-3.5,0.0,0,1.0,0,249.0
2020-02-06,-2.5,-5.0,-3.8,0.0,0,8.0,0,247.0
2020-02-07,-2.0,-7.0,-4.5,0.0,0,12.0,0,252.0
2020-02-08,-4.0,-8.0,-6.0,0.0,0,0.0,0,258.0
2020-02-09,-0.5,-9.5,-5.0,0.0,0,0.0,0,254.0
2020-02-10,1.5,-5.0,-1.8,0.0,0,0.0,1,252.0
2020-02-11,-4.0,-5.0,-4.5,0.0,0,0.0,0,248.0
2020-02-12,-0.5,-7.0,-3.8,0.0,0,3.0,0,243.0
2020-02-13,-5.0,-8.0,-6.5,0.0,0,7.0,0,245.0
2020-02-14,-4.5,-8.0,-6.3,0.0,0,4.0,0,247.0
2020-02-15,-3.5,-8.0,-5.8,0.0,0,0.0,1,246.0
2020-02-16,-6.0,-9.0,-7.5,0.0,0,1.0,0,243.0
2020-02-17,-5.5,-11.0,-8.3,0.0,0,0.0,0,243.0
2020-02-18,-1.5,-11.0,-6.3,0.0,0,0.0,0,242.0
2020-02-19,2.5,-8.0,-2.8,0.0,0,0.0,0,242.0
2020-02-20,1.0,-4.5,-1.8,0.0,0,0.0,0,238.0
2020-02-21,-1.5,-3.5,-2.5,0.0,0,11.0,0,238.0
2020-02-22,-2.0,-6.0,-4.0,0.0,0,9.0,0,248.0
2020-02-23,-4.5,-7.5,-6.0,0.0,0,13.0,0,253.0
2020-02-24,-5.5,-9.5,-7.5,0.0,0,0.0,0,258.0
2020-02-25,-1.0,-10.0,-5.5,0.0,0,1.0,0,254.0
2020-02-26,-2.5,-6.5,-4.5,0.0,0,0.0,1,252.0
2020-02-27,-1.5,-6.0,-3.8,0.0,0,1.0,0,250.0
2020-02-28,-2.0,-6.0,-4.0,0.0,0,21.0,0,249.0
2020-02-29,-4.5,-8.0,-6.3,0.0,0,0.0,1,264.0
2020-03-01,-5.5,-9.0,-7.3,0.0,0,1.0,0,260.0
2020-03-02,-2.5,-8.0,-5.3,0.0,0,1.0,0,257.0
2020-03-03,-2.5,-5.5,-4.0,0.0,0,1.0,0,255.0
2020-03-04,-5.0,-9.5,-7.3,0.0,0,3.0,0,253.0
2020-03-05,-4.0,-9.5,-6.8,0.0,0,32.0,0,252.0
2020-03-06,-5.0,-11.5,-8.3,0.0,0,0.0,0,273.0
2020-03-07,-5.5,-12.0,-8.8,0.0,0,6.0,0,268.0
2020-03-08,-6.5,-11.5,-9.0,0.0,0,0.0,0,268.0
2020-03-09,-5.0,-12.0,-8.5,0.0,0,3.0,0,265.0
2020-03-10,-3.5,-9.0,-6.3,0.0,0,2.0,0,264.0
2020-03-11,-2.0,-8.0,-5.0,0.0,0,0.0,0,260.0
2020-03-12,-5.0,-11.5,-8.3,0.0,0,2.0,0,258.0
2020-03-13,-10.0,-13.0,-11.5,0.0,0,0.0,0,258.0
2020-03-14,-15.5,-22.0,-18.8,0.0,0,0.0,0,255.0
2020-11-26,-1.0,-7.5,-4.3,0.0,0,0.0,1,86.0
2020-11-27,-0.5,-4.0,-2.3,0.0,0,8.0,0,79.0
2020-11-28,-1.0,-6.5,-3.8,0.0,0,0.0,1,88.0
2020-11-29,-0.5,-7.5,-4.0,0.0,0,17.0,0,86.0
2020-11-30,-2.0,-4.5,-3.3,0.0,0,5.0,0,98.0
2020-12-01,8.0,-8.0,0.0,0.0,0,0.0,0,99.0
2020-12-02,10.5,-3.0,3.8,0.0,0,0.0,0,96.0
2020-12-03,5.0,1.0,3.0,0.0,0,0.0,0,94.0
2020-12-04,7.0,-3.0,2.0,0.0,0,0.0,0,92.0
2020-12-05,8.0,4.0,6.0,0.0,0,0.0,1,88.0
2020-12-06,0.5,-1.0,-0.3,0.0,1,4.0,0,88.0
2020-12-07,2.5,-1.5,0.5,31.9,0,15.0,0,90.0
2020-12-08,1.5,-1.0,0.3,0.0,0,6.0,0,99.0
2020-12-09,-2.5,-4.5,-3.5,0.0,0,1.0,0,97.0
2020-12-10,-3.5,-7.0,-5.3,0.0,0,3.0,0,98.0
2020-12-11,-5.5,-7.0,-6.3,0.0,0,2.0,0,99.0
2020-12-12,0.0,-9.0,-4.5,0.0,0,1.0,0,100.0
2020-12-13,-3.0,-7.0,-5.0,0.0,0,3.0,0,100.0
2020-12-14,-3.5,-5.0,-4.3,0.0,0,9.0,0,101.0
2020-12-15,-3.5,-6.0,-4.8,0.0,0,1.0,0,109.0
2020-12-16,-1.5,-4.0,-2.8,0.0,0,12.0,0,108.0
2020-12-17,-2.5,-4.5,-3.5,0.0,0,3.0,0,118.0
2020-12-18,-1.5,-5.0,-3.3,0.0,0,19.0,0,118.0
2020-12-19,0.5,-6.0,-2.8,0.0,0,21.0,0,132.0
2020-12-20,-3.0,-5.0,-4.0,0.0,0,3.0,0,146.0
2020-12-21,-7.0,-8.0,-7.5,0.0,0,19.0,0,145.0
2020-12-22,-4.0,-12.0,-8.0,0.0,0,0.0,0,155.0
2020-12-23,4.0,-9.5,-2.8,0.0,0,0.0,0,149.0
2020-12-24,1.0,0.0,0.5,0.0,0,0.0,0,146.0
2020-12-25,-0.5,-4.0,-2.3,0.0,0,15.0,0,143.0
2020-12-26,0.0,-4.5,-2.3,0.0,0,14.0,0,152.0
2020-12-27,-4.0,-5.5,-4.8,0.0,0,6.0,0,158.0
2020-12-28,-1.5,-6.5,-4.0,0.0,0,0.0,0,160.0
2020-12-29,-1.5,-5.5,-3.5,0.0,0,13.0,0,152.0
2020-12-30,-3.0,-5.0,-4.0,0.0,0,18.0,0,161.0
2020-12-31,-1.5,-5.5,-3.5,0.0,0,12.0,0,172.0
2021-01-01,0.0,-3.0,-1.5,0.0,0,39.0,0,178.0
2021-01-02,-1.5,-3.5,-2.5,0.0,0,54.0,0,202.0
2021-01-03,-2.5,-6.5,-4.5,0.0,0,17.0,0,235.0
2021-01-04,-2.0,-6.0,-4.0,0.0,0,24.0,0,239.0
2021-01-05,-3.0,-8.5,-5.8,0.0,0,29.0,0,245.0
2021-01-06,-3.5,-5.0,-4.3,0.0,0,9.0,0,256.0
2021-01-07,-0.5,-6.5,-3.5,0.0,0,0.0,1,249.0
2021-01-08,-2.5,-6.5,-4.5,0.0,0,5.0,0,239.0
2021-01-09,-3.0,-8.0,-5.5,0.0,0,13.0,0,236.0
2021-01-10,-1.5,-6.5,-4.0,0.0,0,14.0,0,239.0
2021-01-11,-0.5,-5.5,-3.0,0.0,0,22.0,0,245.0
2021-01-12,1.0,-2.5,-0.8,14.7,0,18.0,0,255.0
2021-01-13,-5.0,-8.0,-6.5,0.0,0,0.0,0,257.0
2021-01-14,1.0,-9.0,-4.0,0.0,0,2.0,0,248.0
2021-01-15,-2.0,-4.0,-3.0,0.0,0,0.0,0,237.0
2021-01-16,-2.5,-5.5,-4.0,0.0,0,3.0,0,233.0
2021-01-17,-2.5,-4.5,-3.5,0.0,0,0.0,0,230.0
2021-01-18,1.5,-6.0,-2.3,0.0,0,0.0,0,228.0
2021-01-19,1.0,-3.0,-1.0,0.0,0,0.0,0,226.0
2021-01-20,-3.5,-8.5,-6.0,0.0,0,0.0,1,222.0
2021-01-21,-6.5,-9.5,-8.0,0.0,0,0.0,0,218.0
2021-01-22,-3.0,-10.5,-6.8,0.0,0,0.0,0,218.0
2021-01-23,-3.5,-6.0,-4.8,0.0,0,5.0,0,215.0
2021-01-24,-6.5,-9.0,-7.8,0.0,0,6.0,0,219.0
2021-01-25,-7.0,-9.0,-8.0,0.0,0,2.0,0,224.0
2021-01-26,-9.0,-10.5,-9.8,0.0,0,5.0,0,219.0
2021-01-27,-7.5,-12.0,-9.8,0.0,0,2.0,0,222.0
2021-01-28,-6.0,-9.5,-7.8,0.0,0,2.0,0,223.0
2021-01-29,-6.0,-8.0,-7.0,0.0,0,6.0,0,220.0
2021-01-30,-3.0,-8.5,-5.8,0.0,0,34.0,0,227.0
2021-01-31,-2.5,-5.0,-3.8,0.0,0,26.0,0,248.0
2021-02-01,-1.5,-4.5,-3.0,0.0,0,31.0,0,254.0
2021-02-02,-5.5,-6.5,-6.0,0.0,0,6.0,0,275.0
2021-02-03,-2.0,-10.0,-6.0,0.0,0,2.0,0,266.0
2021-02-04,-3.0,-7.0,-5.0,0.0,0,1.0,0,264.0
2021-02-05,-1.0,-5.5,-3.3,0.0,0,4.0,0,255.0
2021-02-06,-3.0,-8.5,-5.800000000000001,0.0,0,0.0,0,253.33333333333334
2021-02-07,-5.0,-11.5,-8.3,0.0,0,0.0,0,251.66666666666669
2021-02-08,-7.0,-14.5,-10.8,0.0,0,0.0,1,250.0
2021-02-09,-11.0,-17.5,-14.3,0.0,0,2.0,0,248.0
2021-02-10,-16.0,-18.0,-17.0,0.0,0,0.0,1,246.0
2021-02-11,-20.0,-24.5,-22.3,0.0,0,0.0,0,245.0
2021-02-12,-17.0,-24.0,-20.5,0.0,0,1.0,0,243.0
2021-02-13,-12.0,-19.0,-15.5,0.0,0,5.0,0,239.0
2021-02-14,-5.5,-15.0,-10.3,0.0,0,6.0,0,240.0
2021-02-15,-2.5,-7.5,-5.0,0.0,0,3.0,0,244.0
2021-02-16,-2.5,-7.0,-4.8,0.0,0,1.0,0,243.0
2021-02-17,-5.0,-10.5,-7.8,0.0,0,0.0,0,243.0
2021-02-18,-5.0,-9.5,-7.3,0.0,0,15.0,0,238.0
2021-02-19,-5.0,-7.5,-6.3,0.0,0,4.0,0,248.0
2021-02-20,-3.0,-8.5,-5.8,0.0,0,3.0,0,248.0
2021-02-21,0.0,-8.0,-4.0,4.0,0,11.0,0,247.0
2021-02-22,-2.5,-5.0,-3.8,0.0,0,2.0,0,255.0
2021-02-23,-6.5,-9.0,-7.8,0.0,0,4.0,0,252.0
2021-02-24,-6.5,-11.5,-9.0,0.0,0,11.0,0,253.0
2021-02-25,-6.0,-9.0,-7.5,0.0,0,5.0,0,259.0
2021-02-26,-5.0,-10.5,-7.8,0.0,0,0.0,0,257.0
2021-02-27,-3.5,-12.0,-7.8,0.0,0,2.0,0,254.0
2021-02-28,-2.5,-8.0,-5.3,0.0,0,0.0,1,252.0
2021-03-01,-2.0,-4.0,-3.0,0.0,0,2.0,0,248.0
2021-03-02,-6.0,-8.5,-7.3,0.0,0,1.0,0,248.0
2021-03-03,-1.0,-8.0,-4.5,0.0,0,0.0,1,248.0
2021-03-04,0.5,-5.0,-2.3,0.0,0,40.0,0,244.0
2021-03-05,-1.0,-4.5,-2.8,0.0,0,28.0,0,280.0
2021-03-06,-3.5,-6.5,-5.0,0.0,0,12.0,0,295.0
2021-03-07,-6.0,-7.5,-6.8,0.0,0,15.0,0,289.0
2021-03-08,-3.0,-9.0,-6.0,0.0,0,0.0,1,294.0
2021-03-09,-2.0,-7.0,-4.5,0.0,0,0.0,1,285.0
2021-03-10,-5.0,-8.5,-6.8,0.0,0,0.0,1,282.0
2021-03-11,-3.0,-12.0,-7.5,0.0,0,0.0,0,277.0
2021-03-12,1.5,-6.0,-2.3,0.0,0,0.0,1,274.0
2021-03-13,1.5,-1.5,0.0,0.0,0,0.0,1,270.0
2021-03-14,-2.5,-4.0,-3.3,0.0,0,18.0,0,264.0
2021-03-15,-3.0,-11.5,-7.3,0.0,0,0.0,0,280.0
2021-03-16,0.0,-8.5,-4.3,0.0,0,0.0,0,276.0
2021-03-17,1.5,-4.5,-1.5,0.0,0,0.0,0,272.0
2021-03-18,0.5,-2.0,-0.8,0.0,0,21.0,0,268.0
2021-03-19,-4.0,-5.0,-4.5,0.0,0,21.0,0,284.0
2021-03-20,-2.5,-5.0,-3.8,0.0,0,0.0,1,298.0
2021-03-21,-5.0,-7.0,-6.0,0.0,0,4.0,0,290.0
2021-03-22,-0.5,-9.0,-4.8,0.0,0,0.0,0,289.0
2021-03-23,-2.0,-7.0,-4.5,0.0,0,4.0,0,284.0
2021-03-24,2.0,-5.5,-1.8,0.0,0,0.0,1,285.0
2021-03-25,2.0,-6.0,-2.0,0.0,0,0.0,0,280.0
2021-03-26,1.0,-5.5,-2.3,0.0,0,0.0,0,275.0
2021-03-27,-0.5,-4.5,-2.5,0.0,0,14.0,0,274.0
2021-03-28,-3.5,-5.5,-4.5,0.0,0,15.0,0,287.0
2021-03-29,-5.5,-11.5,-8.5,0.0,0,0.0,0,297.0
